,Video Title,URL
0,Alitho Saradaga Episode 247 Latest Promo | Most Loved Villain Prakash Raj this week watch on ETV,https://www.youtube.com/watch?v=zSFBdWMmrEs
1,Finally Bought A House || My New Home Tour || Astroyogi  || Rowdy Rohini,https://www.youtube.com/watch?v=ACUr4yfS3PY
2,Madhuppriya Bathukamma Song 2021 | Latest Bathukamma Song | Madhuppriya Nightingale Of Telangana,https://www.youtube.com/watch?v=n1J_eAwaEBI
3,House Of The Dragon | Official Teaser | HBO Max,https://www.youtube.com/watch?v=fNwwt25mheo
4,Dhindora | Official Trailer | BB Ki Vines,https://www.youtube.com/watch?v=IUsiTOUo3HE
5,Making of Kondapolam | Vaisshnav Tej | Rakul Preet Singh | Krish | MM Keeravani | Oct 8th,https://www.youtube.com/watch?v=BNOXF0F7pLY
6,Doctor - Chellamma Glimpse | Sivakarthikeyan | Anirudh Ravichander | Nelson Dilipkumar,https://www.youtube.com/watch?v=nAWg-XCucXg
7,Naukar rocks mumma shocksüòÇ #shorts,https://www.youtube.com/watch?v=nx_LVO-j7Ds
8,Payal ne di dhamki #shorts,https://www.youtube.com/watch?v=LLUmNfimIos
9,[TELUGU]  Free Fire India Live With Munna Bhai - Free Fire Telugu - Free Fire Live Telugu,https://www.youtube.com/watch?v=EYtOwsWj6k4
10,‡∞¨‡∞§‡±Å‡∞ï‡∞Æ‡±ç‡∞Æ ‡∞™‡∞æ‡∞ü Bathukamma Song 2021 | Shankar Poddupodupu | 4K Song | Bathukamma Music,https://www.youtube.com/watch?v=mmvkC7cqz3g
11,Tindibothu chelli || Akka vs Chelli ||  Dharma Paddu 143,https://www.youtube.com/watch?v=jAuNO1vkOWk
12,Real Estate | a Short Film | Shehbaaz khan Entertainments,https://www.youtube.com/watch?v=XlSfIz_W7qw
13,Landmine + IQ üòÇ Free Fire ~ Only legends Will Understand #Shorts #Short,https://www.youtube.com/watch?v=5h-d5hFVB50
14,‡∞Ö‡∞ï‡±ç‡∞ïvs ‡∞ö‡±Ü‡∞≤‡±ç‡∞≤‡∞ø |Akka Vs chelli | Telugu Stories | Stories in Telugu | Telugu Moral Stories,https://www.youtube.com/watch?v=nDrgtcEn8YY
15,Nataraj Master BiggBossTelugu5 elimination interview tomorrow at 10AM & 6 PM only on Star Maa Music,https://www.youtube.com/watch?v=Dyy2H1NzD7Y
16,Brother V/S Sister || Who knows each other better || Sushruth || Sreemukhi,https://www.youtube.com/watch?v=ZrtujR3JmDI
17,Allipoola Vennela | AR Rahman | Gautham Vasudev Menon | Mittapalli Surender,https://www.youtube.com/watch?v=R0B-wswTHoM
18,"Dasara Dosti Event - Roshan Promo | Dussehra Special | October 10, 6 PM | Zee Telugu",https://www.youtube.com/watch?v=IfIJvyTODC0
19,#Ravi & #Kajal ended up in a heated arguement! #BiggBossTelugu5 today at 10 PM on #StarMaa,https://www.youtube.com/watch?v=GXESgBobFnk
20,Annaatthe Annaatthe -Official Lyrical Video | ANNAATTHE | Rajinikanth| Sun Pictures|SPB|Siva|D Imman,https://www.youtube.com/watch?v=FK6dUrfYx84
21,Captaincy task lo geliche Raju evaru?? Ravi or Sunny #BiggBossTelugu5 today at 10 PM on #StarMaa,https://www.youtube.com/watch?v=XA2oS-Aa_Mo
22,Thoughts Before Engagement || Sheetal Gauthaman || Vamsi Kotu || Infinitum Media,https://www.youtube.com/watch?v=w3mvbsjqQUM
23,Oohalu Gusagusalade | Premiere Ep 130 Preview - Oct 07 2021 | Before ZEE Telugu | Telugu TV Serial,https://www.youtube.com/watch?v=JsBLefhzm24
24,Prema Entha Maduram | Premiere Ep 441 Preview - Oct 07 2021 | Before ZEE Telugu | Telugu TV Serial,https://www.youtube.com/watch?v=Xpzz-Abildg
25,Vaidehi Parinayam | Premiere Ep 112 Preview - Oct 07 2021 | Before ZEE Telugu | Telugu TV Serial,https://www.youtube.com/watch?v=vDmYdzJPQDY
26,Saranga Dariya - Episode 01 || Telugu Web Series || CAPDT,https://www.youtube.com/watch?v=DJOmM_jY2tM
27,4th contestant #Nataraj exclusive interview after elimination || Bigg Boss BuzzZ,https://www.youtube.com/watch?v=cNaTmdXHycw
28,"Most Eligible Bachelor Theatrical Trailer | Akhil Akkineni, Pooja Hegde | Bhaskar | #MEBOnOct15th",https://www.youtube.com/watch?v=oFJxjVVovQo
29,Evaru Meelo Koteeswarulu Comedy Spoof || Godavari Kurradu Comedy,https://www.youtube.com/watch?v=rKaWp5zqXpw
30,Advocate Reveals Key Facts || Samantha Naga Chaitanya Divorce || Sam Chey Latest Updates || SS,https://www.youtube.com/watch?v=xOx7HrxQu-w
31,Conflict between #Shanmukh and #SreeramaChandra üî• üî•  #BiggBossTelugu5 today at 10 PM,https://www.youtube.com/watch?v=swOqDN_x_uI
32,Rocky (German Shepherd) 1st Birthday Celebration,https://www.youtube.com/watch?v=33Aj48rXNJ4
33,‡∞µ‡±Ü‡∞Ç‡∞ï‡∞Ø‡±ç‡∞Ø ‡∞®‡∞æ‡∞Ø‡±Å‡∞°‡±Å ‡∞µ‡∞∞‡∞ï‡±Ç ‡∞µ‡±Ü‡∞≥‡±ç‡∞≥‡∞ø‡∞® ‡∞ú‡∞®‡∞∏‡±á‡∞® ‡∞µ‡±Ä‡∞°‡∞ø‡∞Ø‡±ã - ‡∞Ü ‡∞ú‡∞®‡∞Ç ‡∞ö‡±Ç‡∞∏‡∞ø ‡∞í‡∞ï‡±á ‡∞í‡∞ï‡±ç‡∞ï‡∞Æ‡∞æ‡∞ü ‡∞Ö‡∞®‡±ç‡∞® ‡∞â‡∞™‡∞∞‡∞æ‡∞∑‡±ç‡∞ü‡±ç‡∞∞‡∞™‡∞§‡∞ø !,https://www.youtube.com/watch?v=uNEDLZJ6egk
34,Manasu Mamata | 5th October 2021 | Full Episode No 3268 | ETV Telugu,https://www.youtube.com/watch?v=4jqE9Adgj5s
35,Sanak | Official Trailer | Vidyut Jammwal | Rukmini Maitra | Chandan Sanyal | Neha Dhupia | 15 Oct,https://www.youtube.com/watch?v=xusOfNnHzM0
36,Bathukamma Song Promo 2021 | Bathukamma Super Hit Song Promo | Vani Vollala Bathukamma Song | 6TV,https://www.youtube.com/watch?v=EkW5AT2_9YY
37,"Cash Latest Promo - 9th October 2021 - Sujatha,Alekhya Harika, Surya Kiran, Mehaboob",https://www.youtube.com/watch?v=GGvCGw4rJ_8
38,Alitho Saradaga | Manchu Mohan Babu (Actor) Part - 2 | 4th October 2021 | Full Episode | ETV Telugu,https://www.youtube.com/watch?v=tyhWSIF1sc8
39,Ex MLA Gone Prakash Best analysis about Huzurabad Elections present situation| Etala Rajender Vs KCR,https://www.youtube.com/watch?v=PffWnkL_igY
40,Hero Siddharth Tweet Goes Viral | Samantha Naga Chaitanya Devorce | hmtv News,https://www.youtube.com/watch?v=tyibcAUcLB0
41,Mathimarupu Part 1 // 5 Star Channel // Comedy Video // 5 Star Laxmi // Srikanth // Venky // MD,https://www.youtube.com/watch?v=dWXWcfeg1yM
42,Chammak Chandra Performance | Jabardasth | Double Dhamaka Specia | 3rd October 2021 | ETV  Telugu,https://www.youtube.com/watch?v=W0fBUJeiMPE
43,PARI üßöüèª‚Äç‚ôÄÔ∏è || Sibbu Giri || Aashish Bhardwaj,https://www.youtube.com/watch?v=E7uv0m7HETo
44,Manasu Mamata | 4th October 2021 | Full Episode No 3267 | ETV Telugu,https://www.youtube.com/watch?v=iFLLU9qkp6Q
45,Rajiv Kanakala about Samantha Naga Chaitanya Divorce | Love Story | Naga Chaitanya | Samantha,https://www.youtube.com/watch?v=iRi7RDQUuJo
46,Rahul Sipligunj live Music | Kondapolam Audio Launch Event | Vaisshnav Tej | Krish | Keeravaani,https://www.youtube.com/watch?v=p2ps9mXOeks
47,Anasuya Ramalingam Web Series | Uncut Episode | First Night | Soniya Singh | Sidhu | Infinitum Media,https://www.youtube.com/watch?v=CvLmTzdjYm8
48,Radhamma Kuthuru Promo - 05 Oct 2021 - Monday to Saturday at 7 PM - Zee Telugu,https://www.youtube.com/watch?v=zzgqNIxbKCo
49,NEHRU ZOOLOGICAL PARK HYDERABAD FULL HD || COMPLETE TOUR || VILLAGE VIHARI,https://www.youtube.com/watch?v=qHMags3Hgr0
50,30 SECOND Dhai bhalle challenge üò≥üò≥ 500 ‚Çπ ‡§ï‡•á dhai bhalle ü§ëü§ë #shorts,https://www.youtube.com/watch?v=wTzkE7m6s3g
51,America üá∫üá∏ Vs India üáÆüá≥ ~ When going out from home üè° üòÇ ~ Dushyant Kukreja #shorts,https://www.youtube.com/watch?v=8MmjEDYBQ68
52,Maa ke liye ye bestüëç kiya |Ajay Sharma #shorts #motivation #maa,https://www.youtube.com/watch?v=Y7Jn_Cc8oFQ
53,Dil Galti Kar Baitha Hai | Meet Bros Ft. Jubin Nautiyal | Mouni Roy | Manoj M | Ashish P | Bhushan K,https://www.youtube.com/watch?v=1--qqQrimMA
54,India‚Äôs Biggest Bahubali Pani Puri #shorts #streetfood,https://www.youtube.com/watch?v=Bw0nv9r4r3M
55,Biwi Ne Kiya Pati Ka Bura Hal #shorts,https://www.youtube.com/watch?v=td-t8o70oP4
56,Best Interview ever üïµÔ∏è ~ Knowledge üß† vs Behaviour ‚ò∫Ô∏è ~ Based on Nature ~ Dushyant Kukreja #shorts,https://www.youtube.com/watch?v=UAcmyjdpM6o
57,Murder by #SuspenderGangsters üò± #shorts,https://www.youtube.com/watch?v=zqntItZw0i0
58,Famous Chicken Dum Biryani Rs. 100/- Only #suratfood #shorts,https://www.youtube.com/watch?v=QoZCuHxKyCI
59,Laalach Buri Bla Hai üò• #shorts | Harpreet SDC,https://www.youtube.com/watch?v=o4XCN7kdurE
60,‡§¨‡§π‡•Å‡§§ ‡§Æ‡§æ‡§∞‡•Ç‡§Ç‡§ó‡§æ ‡§§‡•Ç‡§ù‡•á Amit üò° - CRAZY XYZ Vs MR. INDIAN HACKER,https://www.youtube.com/watch?v=9fUYUItUgSk
61,Divya Agarwal Amazing Transformation Of Old Person | Celebrityshala #shorts,https://www.youtube.com/watch?v=QnIsDD-rsGQ
62,Men Will Be Men üòÇüòÇüòÇ #shorts #vendyfam,https://www.youtube.com/watch?v=MvzQsmOUwYo
63,Papa ‚ù§Ô∏è | Deepesh zo | Gogo2728 | Mr roshan | deepesh | shubham | roshan,https://www.youtube.com/watch?v=W4GoooBIVns
64,Insaniyat shayad ab bachho me he rah gai hai üò≠üò≠#emotinalstory #sadstory #stories #heroindori,https://www.youtube.com/watch?v=FxIgRAbxnxk
65,Maanaadu Official Tamil Trailer | STR | SJ Suryah | Kalyani | Venkat Prabhu | YSR | V House,https://www.youtube.com/watch?v=3FuuZU21S80
66,Nyota | the mridul | Pragati | Nitin,https://www.youtube.com/watch?v=T5UMUBKnJ_w
67,MY FIRST GAME ON FREE FIRE MAX,https://www.youtube.com/watch?v=1o9yhYQt6ew
68,Ice-cream khane ki ninja ü•∑ technique #shorts #littleglove,https://www.youtube.com/watch?v=uQsJ1glU_bY
69,When Your Ex is a Topper (Storytime),https://www.youtube.com/watch?v=Fe-DY4xMBAI
70,"New Punjabi song 2021 - Jabardast Dost |  Korala Maan , Gurlej Akhtar | Latest Punjabi song 2021",https://www.youtube.com/watch?v=_yeV2U-xbtg
71,Special Dil Wala Sandwich Rs. 90/- Only #bhavnagarfood #shorts,https://www.youtube.com/watch?v=0STT2o8PZZA
72,"Honsla Rakh (Official Trailer) Diljit Dosanjh, Sonam Bajwa, Shehnaaz Gill, Shinda Grewal | 15 OCT",https://www.youtube.com/watch?v=KjOfqltPRqs
73,‡¥Ö‡¥∂‡µç‡¥µ‡¥ø‡¥®‡µÅ‡¥Ç ‡¥Ö‡¥Æ‡µç‡¥Æ‡¥Ø‡µÅ‡¥Ç ‡¥í‡¥∞‡µÅ ‡¥û‡µÜ‡¥ü‡µç‡¥ü‡¥ø‡¥ï‡µç‡¥ï‡µÅ‡¥®‡µç‡¥® ‡¥™‡µÜ‡µº‡¥´‡µã‡¥Æ‡µª‡¥∏‡µÅ‡¥Æ‡¥æ‡¥Ø‡¥ø ‡¥¨‡¥Ç‡¥¨‡µº ‡¥ö‡¥ø‡¥∞‡¥ø ‡¥µ‡µá‡¥¶‡¥ø‡¥Ø‡¥ø‡µΩ |Oru Chiri Iru Chiri Bumper Chiri,https://www.youtube.com/watch?v=LzJA11hZsF0
74,Niraimaatha Nilavae Episode 12 | Tube Light Attagasangal | Pregnancy Sothanaigal | Caring Husband,https://www.youtube.com/watch?v=uzZtG_ew2cQ
75,Making a Luxury 5-Star Room in Our Bus | ‡§¨‡§∏ ‡§ï‡•ã ‡§¨‡§®‡§æ ‡§¶‡§ø‡§Ø‡§æ ‡§≤‡§ó‡•ç‡§ú‡§∞‡•Ä ‡§∞‡•Ç‡§Æ |,https://www.youtube.com/watch?v=W-cIXyR9Bn4
76,Shocking Reality Shows Allowed On TV,https://www.youtube.com/watch?v=klpNc_RGCsA
77,DOCTOR - Official Trailer | Sivakarthikeyan | Nelson Dilipkumar | Anirudh | Vinay | Yogi Babu,https://www.youtube.com/watch?v=oQiH_Iw0kDs
78,Dhoka dene vala aksar koi apna hi hota h üíî #shorts,https://www.youtube.com/watch?v=ba383B7sDVU
79,Coldplay X BTS - My Universe (Official Video),https://www.youtube.com/watch?v=3YqPKLZF_WU
80,DADA JI KA KHAZANA || Sumit Bhyan,https://www.youtube.com/watch?v=v3qXjDX7EBc
81,Barsaat Ke Mausam Mein | Naajayaz |  Kumar Sanu | Roop Kumar Rathod | Naseeruddin Shah,https://www.youtube.com/watch?v=DGSCK5ESFS8
82,Most Selling Lassi of Indiaüò± ‡§è‡§ï ‡§¶‡§ø‡§® ‡§Æ‡•á‡§Ç 3000 ‡§∏‡•á ‡§ú‡§º‡•ç‡§Ø‡§æ‡§¶‡§æ ‡§≤‡§∏‡•ç‡§∏‡•Ä ‡§¨‡§ø‡§ï‡§§‡•Ä ‡§π‡•à‡§Ç ‡§Ø‡§π‡§æ‡§Åüò≥ #streetfood #shorts,https://www.youtube.com/watch?v=UzwLbT11Si8
83,Aranmanai 3 - Official Trailer | Arya | Raashi Khanna | Sundar C | C. Sathya,https://www.youtube.com/watch?v=MRiK4WHaJb8
84,Glimpses of Valimai | Ajith Kumar | Yuvan Shankar Raja | Vinoth | Boney Kapoor | Zee Studios #4KUHD,https://www.youtube.com/watch?v=Llk4_F5b4aU
85,Ek dusre say revenge lene k chakkar mai nuksan hogaya üòî #gauravaroravlogs #shorts #youtubeshorts,https://www.youtube.com/watch?v=F0IaLVGeEIs
86,Real story ( pizza delivery boy )üò≠üíî #shorts,https://www.youtube.com/watch?v=FSJmFvkOf7I
87,Tere Ishq Mein Naachenge | Raja Hindustani | Aamir Khan | Karisma Kapoor | Kumar Sanu |Sad Love Song,https://www.youtube.com/watch?v=Pe4hElsxNVk
88,MERI MUMMY SUPERSTAR || THE SHIVAM,https://www.youtube.com/watch?v=zxIAWs3ktcQ
89,‡¥á‡¥§‡µç‚Äå ‡¥í‡¥®‡µç‡¥®‡µç try ‡¥ö‡µÜ‡¥Ø‡µç‡¥§‡µç ‡¥®‡µã‡¥ï‡µç‡¥ï‡¥æ‡¥µ‡µÅ‡¥®‡µç‡¥®‡¥§‡¥æ‡¥£‡µç..! ü§≠ü§≠ #teamkunjippuzhu,https://www.youtube.com/watch?v=XpCTZC8cnVE
90,‡¥Ø‡µÇ‡¥ü‡µç‡¥Ø‡µÇ‡¥¨‡µç ‡¥§‡¥®‡µç‡¥® ‡¥ï‡µã‡¥ü‡¥ø‡¥ï‡¥≥‡µÅ‡¥ü‡µÜ ‡¥∏‡¥Æ‡µç‡¥Æ‡¥æ‡¥®‡¥Ç | Surprise From Youtube,https://www.youtube.com/watch?v=uMGV9iUlO_4
